fold,accuracy
1,89.78805541992188
2,91.52215719223022
3,91.3294792175293
4,91.71483516693115
5,91.71483516693115
