fold,accuracy
1,91.52215719223022
2,92.67822504043579
3,90.94412326812744
4,91.71483516693115
5,92.48554706573486
